{"cameraMode":{"drawMode":0,"name":"Shaded","section":"Shading Mode"},"sceneLighting":true,"audioPlay":false,"sceneViewState":{"showFog":true,"showMaterialUpdate":false,"showSkybox":true,"showFlares":true,"showImageEffects":true,"showParticleSystems":true},"in2DMode":false,"pivot":{"x":-8.927547454833985,"y":0.4883594512939453,"z":-19.134532928466798},"rotation":{"x":-0.05487639084458351,"y":0.9254139065742493,"z":-0.14726363122463227,"w":-0.34484490752220156},"size":13.581061363220215,"orthographic":false}